{"cameraMode":{"drawMode":0,"name":"Shaded","section":"Shading Mode"},"sceneLighting":true,"audioPlay":false,"sceneViewState":{"showFog":true,"showMaterialUpdate":false,"showSkybox":true,"showFlares":true,"showImageEffects":true,"showParticleSystems":true},"in2DMode":false,"pivot":{"x":113.34913635253906,"y":-1.9098052978515626,"z":82.94404602050781},"rotation":{"x":-0.15816646814346314,"y":0.07604579627513886,"z":-0.012219700962305069,"w":-0.9844071269035339},"size":684.4016723632813,"orthographic":false}