{"cameraMode":{"drawMode":0,"name":"Shaded","section":"Shading Mode"},"sceneLighting":true,"audioPlay":false,"sceneViewState":{"showFog":true,"showMaterialUpdate":false,"showSkybox":true,"showFlares":true,"showImageEffects":true,"showParticleSystems":true},"in2DMode":false,"pivot":{"x":-1.8046417236328126,"y":2.8548355102539064,"z":79.86979675292969},"rotation":{"x":-0.2870219647884369,"y":-0.5180167555809021,"z":0.18986515700817109,"w":-0.7831243276596069},"size":16.07318115234375,"orthographic":false}