{"cameraMode":{"drawMode":0,"name":"Shaded","section":"Shading Mode"},"sceneLighting":true,"audioPlay":false,"sceneViewState":{"showFog":true,"showMaterialUpdate":false,"showSkybox":true,"showFlares":true,"showImageEffects":true,"showParticleSystems":true},"in2DMode":false,"pivot":{"x":281.04248046875,"y":359.00164794921877,"z":36.233551025390628},"rotation":{"x":-0.15271569788455964,"y":0.0005807215347886086,"z":-0.00015354150673374534,"w":-0.9883057475090027},"size":257.839599609375,"orthographic":false}